Levelling Depth,Mean Roughness,Profile Depth,Profile Mean,RMS Roughness,Valley Depth,Z,file,Traversal,X
8.670304482962314e-05,2.79738978298174e-05,0.00025984185845200005,-0.011015087119978001,3.6074122795498976e-05,0.000173138813623,0.005,xy_gf_2v_XTrav,XTrav,
7.116885134054661e-05,2.9853176041576634e-05,0.00018264552825000003,-0.011010011878958,3.6445571272023495e-05,0.000111476676909,0.00576923076923,xy_gf_2v_XTrav,XTrav,
8.937236665224059e-05,2.547446321023336e-05,0.00019418730170000001,-0.011013200274563002,3.1843026554672225e-05,0.00010481493504800001,0.006538461538461,xy_gf_2v_XTrav,XTrav,
9.377862746953909e-05,2.8005180814611693e-05,0.00023025616487100002,-0.011013131904706,3.566896520619906e-05,0.000136477537401,0.0073076923076920005,xy_gf_2v_XTrav,XTrav,
9.332881347421178e-05,3.0014113841977695e-05,0.000213889333211,-0.010987975543084,3.818464139780492e-05,0.000120560519736,0.008076923076923,xy_gf_2v_XTrav,XTrav,
9.855883073695006e-05,2.9367351208836155e-05,0.00019148772607200003,-0.010974021427389001,3.6833478739421476e-05,9.292889533546282e-05,0.008846153846153,xy_gf_2v_XTrav,XTrav,
0.000108151673653,2.7989845575710443e-05,0.0002014765427,-0.010969475262266002,3.506979414438911e-05,9.332486904716462e-05,0.009615384615384,xy_gf_2v_XTrav,XTrav,
0.000106198685758,1.974921363052344e-05,0.000192611746082,-0.010980392791273,2.7879310549947352e-05,8.641306032435536e-05,0.010384615384615001,xy_gf_2v_XTrav,XTrav,
0.00011906307683700001,2.52216751277021e-05,0.00022503442916500002,-0.011006288527475,3.406540711036989e-05,0.000105971352328,0.011153846153846,xy_gf_2v_XTrav,XTrav,
9.434359860896296e-05,2.757000234686423e-05,0.00026441588998,-0.011005045481404001,3.806655746420845e-05,0.000170072291371,0.011923076923076,xy_gf_2v_XTrav,XTrav,
9.742441988636574e-05,2.4585272860007923e-05,0.000196739635418,-0.010991807837109001,3.215951239033614e-05,9.93152155323411e-05,0.012692307692307002,xy_gf_2v_XTrav,XTrav,
8.334784847368118e-05,2.7770416048779433e-05,0.00015237756730700002,-0.010993861094879001,3.2511365546078176e-05,6.902971883372863e-05,0.013461538461538,xy_gf_2v_XTrav,XTrav,
7.086150478708733e-05,2.4506374982881753e-05,0.00015834931945800002,-0.010990559718190001,3.1157920462539014e-05,8.748781467113505e-05,0.014230769230769002,xy_gf_2v_XTrav,XTrav,
7.002249285625006e-05,2.7432911427038145e-05,0.000200480510936,-0.011002368953652001,3.3722419276352434e-05,0.000130458018079,0.015000000000000001,xy_gf_2v_XTrav,XTrav,
0.00012816788982800002,2.710086864624235e-05,0.00023453824371400003,-0.011018720928037,3.502678306936569e-05,0.00010637035388500001,0.01576923076923,xy_gf_2v_XTrav,XTrav,
8.937322436751091e-05,3.043465944026226e-05,0.00023449696479300002,-0.010996259708804001,3.8567964484561564e-05,0.000145123740425,0.016538461538461002,xy_gf_2v_XTrav,XTrav,
9.647664688923994e-05,3.1513850129292234e-05,0.00021006530947100002,-0.011006269040385002,3.9635101287545065e-05,0.000113588662582,0.017307692307692,xy_gf_2v_XTrav,XTrav,
9.609214248943593e-05,3.06493455209439e-05,0.00020506138908600003,-0.010986500824232,3.874609996192997e-05,0.00010896924659600001,0.018076923076923,xy_gf_2v_XTrav,XTrav,
8.642714990946683e-05,2.406819576689494e-05,0.00016838821936900002,-0.010994450732134,3.03606729390016e-05,8.196106946017911e-05,0.018846153846153003,xy_gf_2v_XTrav,XTrav,
8.51283479169282e-05,2.7454649486536542e-05,0.00022027329078700003,-0.010993240828763,3.412805719925457e-05,0.00013514494287,0.019615384615384,xy_gf_2v_XTrav,XTrav,
0.000107272321503,2.4729161954013002e-05,0.00022271596059900001,-0.011007689572858002,3.170268739354846e-05,0.00011544363909500001,0.020384615384615,xy_gf_2v_XTrav,XTrav,
8.853190860230732e-05,2.442964726924009e-05,0.00017558019623000002,-0.011024354176535,3.032123449870011e-05,8.70482876278913e-05,0.021153846153846002,xy_gf_2v_XTrav,XTrav,
8.862807946166673e-05,2.6569442593833534e-05,0.000252334050684,-0.011035113823891001,3.455962649193722e-05,0.000163705971222,0.021923076923076,xy_gf_2v_XTrav,XTrav,
8.379250224629584e-05,2.8402240728902995e-05,0.00019853854751,-0.011050447620462001,3.5369833289766155e-05,0.00011474604526400002,0.022692307692307002,xy_gf_2v_XTrav,XTrav,
0.00010487734095300001,2.8337012554415576e-05,0.000205328032138,-0.01103973160567,3.505021393190953e-05,0.00010045069118400001,0.023461538461538003,xy_gf_2v_XTrav,XTrav,
0.00010684120120200001,2.9684071667341653e-05,0.00022876079937400002,-0.011027487354353,3.697710366971851e-05,0.000121919598172,0.024230769230769,xy_gf_2v_XTrav,XTrav,
9.738353384069685e-05,2.8210313132897025e-05,0.00019522232996400002,-0.011029096266822,3.498020188485923e-05,9.783879612396304e-05,0.025,xy_gf_2v_XTrav,XTrav,
0.00010288231422,2.763801816895141e-05,0.00021148527082400002,-0.011012388234870002,3.4923596883665294e-05,0.00010860295660400001,0.025769230769230003,xy_gf_2v_XTrav,XTrav,
7.963468805537686e-05,2.7468072056789773e-05,0.00018097172782300001,-0.011014690159872002,3.3868793664545646e-05,0.000101337039768,0.026538461538461,xy_gf_2v_XTrav,XTrav,
0.000127594367011,2.9774294830476456e-05,0.00023143757629100003,-0.011008369576284,3.7475973693720734e-05,0.00010384320928,0.027307692307692002,xy_gf_2v_XTrav,XTrav,
7.721995311652485e-05,2.722440296767597e-05,0.000153551634899,-0.011014507546566,3.3355169344131405e-05,7.633168178323296e-05,0.028076923076923003,xy_gf_2v_XTrav,XTrav,
9.459423548808384e-05,2.5232549030220902e-05,0.00018008880009800002,-0.011018551139056,3.194136554699968e-05,8.5494564610206e-05,0.028846153846153,xy_gf_2v_XTrav,XTrav,
8.602987251476492e-05,2.6552310456001763e-05,0.000170670978607,-0.011011015422011002,3.3453193852543914e-05,8.464110609295722e-05,0.029615384615384002,xy_gf_2v_XTrav,XTrav,
9.428344587590447e-05,2.9182216653331905e-05,0.00021182591503800003,-0.010999964349878,3.6297109765543024e-05,0.00011754246916200001,0.030384615384615003,xy_gf_2v_XTrav,XTrav,
9.641760623345201e-05,2.663031255358793e-05,0.00019810358642900002,-0.011018537788814,3.3176481602348125e-05,0.00010168598019500001,0.031153846153846,xy_gf_2v_XTrav,XTrav,
9.270621143234355e-05,2.6759109964587975e-05,0.00019406410650700003,-0.011024876246542002,3.414634816992738e-05,0.00010135789507500001,0.031923076923076,xy_gf_2v_XTrav,XTrav,
7.62094030956756e-05,2.6947954308500663e-05,0.000158766068193,-0.011018952627315,3.236042815986781e-05,8.255666509740175e-05,0.032692307692307,xy_gf_2v_XTrav,XTrav,
8.909492034815844e-05,3.3522995404150465e-05,0.00019944145388100002,-0.011005841240597001,4.1938339991056946e-05,0.00011034653353300001,0.033461538461538,xy_gf_2v_XTrav,XTrav,
8.785695946060026e-05,2.9201718760660145e-05,0.00021517911912000002,-0.01101571840634,3.7019175204771704e-05,0.00012732215966,0.034230769230769,xy_gf_2v_XTrav,XTrav,
7.404070200142318e-05,2.6772080566224824e-05,0.000163913139682,-0.011019935086542,3.365338250075992e-05,8.987243768085636e-05,0.035,xy_gf_2v_XTrav,XTrav,
8.81785136006858e-05,2.6805029149319594e-05,0.000177859841429,-0.010980683648411,3.4018571877172664e-05,8.968132782850857e-05,0.005,xy_gf_v_XTrav,XTrav,
8.647468077585194e-05,2.220331689183535e-05,0.000172020189946,-0.010998015180744001,2.8882178530186564e-05,8.554550917068936e-05,0.00576923076923,xy_gf_v_XTrav,XTrav,
8.043042659985207e-05,2.6591615917309054e-05,0.000146958635663,-0.011020855172131002,3.2204627586851484e-05,6.65282090631797e-05,0.006538461538461,xy_gf_v_XTrav,XTrav,
0.00010609571395100001,2.9726736838290903e-05,0.000210097399644,-0.011008976705672,3.6634244123577326e-05,0.000104001685692,0.0073076923076920005,xy_gf_v_XTrav,XTrav,
7.844626324317143e-05,2.591373620094376e-05,0.00020986083592800002,-0.010996655026039,3.2516928451680194e-05,0.000131414572685,0.008076923076923,xy_gf_v_XTrav,XTrav,
9.248017750158531e-05,2.294054989461075e-05,0.00017152439792,-0.010984670942014,2.8908970290912912e-05,7.904422041926305e-05,0.008846153846153,xy_gf_v_XTrav,XTrav,
7.238837270629254e-05,2.9555158869982624e-05,0.000184773388552,-0.010997671155126001,3.6254346775569864e-05,0.00011238501584500001,0.009615384615384,xy_gf_v_XTrav,XTrav,
7.504783859851699e-05,2.4879582991251964e-05,0.00019448803565300001,-0.011002543511365,3.033881670206598e-05,0.00011944019705400001,0.010384615384615001,xy_gf_v_XTrav,XTrav,
9.968096223923925e-05,2.4325387795247752e-05,0.00020034204641100002,-0.010988733937425001,3.196559544225971e-05,0.00010066108417200001,0.011153846153846,xy_gf_v_XTrav,XTrav,
7.874139919910457e-05,2.7034589400412034e-05,0.00025775691429800004,-0.011002886486340001,3.4108676981316836e-05,0.00017901551509900003,0.011923076923076,xy_gf_v_XTrav,XTrav,
8.825655576080206e-05,2.634964631209032e-05,0.00019485262242700002,-0.010998427389129001,3.3034983681967264e-05,0.00010659606666600001,0.012692307692307002,xy_gf_v_XTrav,XTrav,
8.380689289171768e-05,2.7189161960432235e-05,0.00017199309218800002,-0.010996104461454001,3.381975977661785e-05,8.818619929717651e-05,0.013461538461538,xy_gf_v_XTrav,XTrav,
9.98455838810211e-05,2.6945579089675786e-05,0.000178471330238,-0.011000778650961001,3.5061870102092856e-05,7.862574635792223e-05,0.014230769230769002,xy_gf_v_XTrav,XTrav,
6.908354550508831e-05,2.3811006799862685e-05,0.00016484887166300002,-0.011001332502231,3.0285273022996113e-05,9.576532615850758e-05,0.015000000000000001,xy_gf_v_XTrav,XTrav,
7.92454250512619e-05,2.681942246722005e-05,0.000210247312306,-0.010997117635625001,3.407844669679413e-05,0.000131001887254,0.01576923076923,xy_gf_v_XTrav,XTrav,
9.51287295627122e-05,2.9511804464418734e-05,0.00019166593441600002,-0.011002947480542001,3.602980339334964e-05,9.653720485416385e-05,0.016538461538461002,xy_gf_v_XTrav,XTrav,
8.863207800646061e-05,2.6804165808279283e-05,0.00022056004519,-0.010997416313276,3.4926165004859843e-05,0.000131927967183,0.017307692307692,xy_gf_v_XTrav,XTrav,
8.370738384178879e-05,2.535079241896937e-05,0.00016177128458700002,-0.010999603015890001,3.212018453436114e-05,7.806390074566356e-05,0.018076923076923,xy_gf_v_XTrav,XTrav,
0.00010145765354,2.7730928703982153e-05,0.00019992626402000002,-0.010998260422143,3.4143335793120254e-05,9.846861048025922e-05,0.018846153846153003,xy_gf_v_XTrav,XTrav,
6.772539716919969e-05,2.6415338642446272e-05,0.00017915016518600001,-0.010992167455927002,3.320407884750308e-05,0.00011142476801600001,0.019615384615384,xy_gf_v_XTrav,XTrav,
9.432602840991901e-05,2.7078219393219833e-05,0.000182091047065,-0.011004631669246001,3.3388034686447094e-05,8.776501865580268e-05,0.020384615384615,xy_gf_v_XTrav,XTrav,
7.287455525541511e-05,2.5842308671122412e-05,0.00017379156520800002,-0.010999883111697,3.2271071782124844e-05,0.00010091700995200001,0.021153846153846002,xy_gf_v_XTrav,XTrav,
9.37381752313237e-05,2.5932375177290455e-05,0.000211430036093,-0.011009130573572001,3.271168056357878e-05,0.000117691860861,0.021923076923076,xy_gf_v_XTrav,XTrav,
8.17261238548351e-05,2.8908795450942672e-05,0.000229098884833,-0.011005025250783,3.5086559401557515e-05,0.000147372760978,0.022692307692307002,xy_gf_v_XTrav,XTrav,
8.551152136269427e-05,2.798923449652568e-05,0.00017473787586700003,-0.011004503902050001,3.3684154224005255e-05,8.922635450508283e-05,0.023461538461538003,xy_gf_v_XTrav,XTrav,
9.652377840472551e-05,2.7564803288871112e-05,0.00018153947044100002,-0.011004632313258001,3.442054273348606e-05,8.501569203682101e-05,0.024230769230769,xy_gf_v_XTrav,XTrav,
7.618014545977826e-05,2.2618962576897583e-05,0.000187344205834,-0.011008881550755,2.930128130603988e-05,0.00011116406037500001,0.025,xy_gf_v_XTrav,XTrav,
8.204435506146794e-05,2.6080507064040452e-05,0.00016995793420700002,-0.011000392938344001,3.278130111440691e-05,8.791357914630926e-05,0.025769230769230003,xy_gf_v_XTrav,XTrav,
9.390926443573339e-05,2.4974868134634213e-05,0.00018826992627000001,-0.011003186597574,3.2747541840154426e-05,9.436066183468768e-05,0.026538461538461,xy_gf_v_XTrav,XTrav,
7.504215211631521e-05,2.589077580466546e-05,0.00015423907687700002,-0.011001024177323002,3.194411006800324e-05,7.919692476092074e-05,0.027307692307692002,xy_gf_v_XTrav,XTrav,
8.003458464260484e-05,2.6893146330995804e-05,0.00018684765682600002,-0.011000595635183,3.3505134600660416e-05,0.00010681307218300001,0.028076923076923003,xy_gf_v_XTrav,XTrav,
7.663581644355016e-05,2.233547003595656e-05,0.00019152127581900002,-0.010998612853801,2.8049482519495512e-05,0.000114885459375,0.028846153846153,xy_gf_v_XTrav,XTrav,
8.135758766450105e-05,2.7763796565042343e-05,0.000205018124327,-0.010997624602436001,3.4736245273188764e-05,0.00012366053666200001,0.029615384615384002,xy_gf_v_XTrav,XTrav,
0.00010124450656600001,2.9143405700107913e-05,0.000250712366658,-0.011009795732576001,3.7420704195461414e-05,0.000149467860092,0.030384615384615003,xy_gf_v_XTrav,XTrav,
0.00012510195142000001,3.2288319535135154e-05,0.000241225958623,-0.011003852477654001,3.9512837588571245e-05,0.00011612400720200001,0.031153846153846,xy_gf_v_XTrav,XTrav,
9.47003992299543e-05,2.81157190696983e-05,0.00020229044705500002,-0.011006754190401001,3.4895633629411056e-05,0.00010759004782500001,0.031923076923076,xy_gf_v_XTrav,XTrav,
0.000136608496844,2.7919813492819715e-05,0.000228670555126,-0.011007187565926,3.5505491426062976e-05,9.20620582816785e-05,0.032692307692307,xy_gf_v_XTrav,XTrav,
9.978422104369064e-05,2.7367527482287894e-05,0.00021495553346600002,-0.011013187192934001,3.487151739224525e-05,0.00011517131242200001,0.033461538461538,xy_gf_v_XTrav,XTrav,
7.939623164161802e-05,2.804974991593904e-05,0.00021258471812400003,-0.011002554225643,3.6513491534385474e-05,0.000133188486483,0.034230769230769,xy_gf_v_XTrav,XTrav,
9.191326702568184e-05,2.5671829646323872e-05,0.00020118486124100002,-0.011011220715420001,3.3018814176471815e-05,0.000109271594215,0.035,xy_gf_v_XTrav,XTrav,
5.8762529256416875e-05,2.2139293636434963e-05,0.000156660457298,-0.010974098793501,2.8127399464445843e-05,9.789792804223812e-05,0.005,xy_gf_v05_XTrav,XTrav,
6.494150507916145e-05,2.3600781597278372e-05,0.000149025696816,-0.010972799809167,2.947577296039632e-05,8.408419173752507e-05,0.00576923076923,xy_gf_v05_XTrav,XTrav,
8.038587996570848e-05,2.28430490110516e-05,0.000173471132361,-0.010978111403877,2.9193270552017306e-05,9.308525239555902e-05,0.006538461538461,xy_gf_v05_XTrav,XTrav,
6.846785291133618e-05,2.7174235854161682e-05,0.00017791010846000002,-0.010976970435443,3.355659536264603e-05,0.00010944225554900001,0.0073076923076920005,xy_gf_v05_XTrav,XTrav,
7.06291648311895e-05,2.303769106736557e-05,0.00014473847548800002,-0.010979946318143,2.9348697287129923e-05,7.41093106570983e-05,0.008076923076923,xy_gf_v05_XTrav,XTrav,
7.373188155656261e-05,2.6220809448201063e-05,0.000167214736949,-0.010978032868509001,3.2859779160070066e-05,9.348285539342341e-05,0.008846153846153,xy_gf_v05_XTrav,XTrav,
6.099025259665054e-05,2.8115351327406482e-05,0.000171843335366,-0.010979796701811002,3.3923845250033784e-05,0.000110853082769,0.009615384615384,xy_gf_v05_XTrav,XTrav,
6.952381302363643e-05,2.2683455192763863e-05,0.000142357955547,-0.010975987171794,2.7577210551190612e-05,7.283414252362043e-05,0.010384615384615001,xy_gf_v05_XTrav,XTrav,
8.739373324338946e-05,2.9479649985233005e-05,0.000263956818112,-0.010980812339333,3.706203120712855e-05,0.000176563084869,0.011153846153846,xy_gf_v05_XTrav,XTrav,
8.071405051420302e-05,2.8603214380863736e-05,0.000184879677542,-0.010988517805185,3.513017924814209e-05,0.00010416562702800001,0.011923076923076,xy_gf_v05_XTrav,XTrav,
8.972185163111727e-05,2.822810438220119e-05,0.000197647968302,-0.010977350275086001,3.518180360038973e-05,0.000107926116671,0.012692307692307002,xy_gf_v05_XTrav,XTrav,
9.109320371886166e-05,2.7057733935679503e-05,0.000194249623886,-0.01098168077215,3.3828628510174896e-05,0.000103156420167,0.013461538461538,xy_gf_v05_XTrav,XTrav,
6.398863605853143e-05,2.694618828606272e-05,0.00016963464415400002,-0.010973755421597,3.285808298016813e-05,0.00010564600809500001,0.014230769230769002,xy_gf_v05_XTrav,XTrav,
8.94345615609117e-05,2.6580021174395665e-05,0.00019958940428,-0.010985292609363002,3.1992910050344966e-05,0.00011015484271900001,0.015000000000000001,xy_gf_v05_XTrav,XTrav,
7.482379654742861e-05,2.802658528313213e-05,0.00018851025675700002,-0.010976806272984,3.420909516391511e-05,0.00011368646021000001,0.01576923076923,xy_gf_v05_XTrav,XTrav,
0.00010299818450100001,2.493385170958999e-05,0.00020224327456400002,-0.010987314728187,3.1716895915764596e-05,9.924509006347706e-05,0.016538461538461002,xy_gf_v05_XTrav,XTrav,
8.450451492109448e-05,2.878681765754556e-05,0.000257064712617,-0.010977207319366002,3.6499778405927766e-05,0.000172560197695,0.017307692307692,xy_gf_v05_XTrav,XTrav,
7.013800944788777e-05,2.5156357608334303e-05,0.000146840262219,-0.010984286079548001,3.0610425417978006e-05,7.670225277189163e-05,0.018076923076923,xy_gf_v05_XTrav,XTrav,
0.00010978274598900001,2.5535889471486633e-05,0.00022024312294200002,-0.010982844011180002,3.3621397829089904e-05,0.000110460376953,0.018846153846153003,xy_gf_v05_XTrav,XTrav,
6.865667253400967e-05,2.6713735411090335e-05,0.00016971108974300002,-0.010983386603402001,3.2080329954826114e-05,0.00010105441720900001,0.019615384615384,xy_gf_v05_XTrav,XTrav,
7.196559782932446e-05,2.397490788342264e-05,0.000174483303493,-0.010984153123308001,3.0489269373450045e-05,0.000102517705663,0.020384615384615,xy_gf_v05_XTrav,XTrav,
6.631696037408959e-05,2.628648619682947e-05,0.000165337670551,-0.010978384512473,3.259091992853172e-05,9.902071017704739e-05,0.021153846153846002,xy_gf_v05_XTrav,XTrav,
0.000132150893096,3.139240273913404e-05,0.00031944979623400004,-0.010984601741881001,4.1226057191603634e-05,0.00018729890313700002,0.021923076923076,xy_gf_v05_XTrav,XTrav,
8.8055529762451e-05,2.727722018105041e-05,0.00023147609043800002,-0.010988334914427,3.4468630868198254e-05,0.000143420560675,0.022692307692307002,xy_gf_v05_XTrav,XTrav,
9.94733764045734e-05,3.123352990995831e-05,0.00019965444680900002,-0.01098394141022,3.88228373451338e-05,0.00010018107040400001,0.023461538461538003,xy_gf_v05_XTrav,XTrav,
6.159062745469956e-05,2.4416806920897703e-05,0.000153253006199,-0.010978693065828,2.997372248990499e-05,9.1662378745163e-05,0.024230769230769,xy_gf_v05_XTrav,XTrav,
7.00414851393088e-05,2.7154805535365914e-05,0.000233503083405,-0.010979337061225001,3.4247783242338364e-05,0.00016346159826600003,0.025,xy_gf_v05_XTrav,XTrav,
9.21886204839715e-05,2.6046793392189065e-05,0.00019483841259000003,-0.010981979826256,3.306869407609364e-05,0.00010264979210600001,0.025769230769230003,xy_gf_v05_XTrav,XTrav,
8.345985582183454e-05,2.7082212113424033e-05,0.00016282830203,-0.010985996725289,3.38644284840491e-05,7.936844620888042e-05,0.026538461538461,xy_gf_v05_XTrav,XTrav,
9.439402337217685e-05,2.842440962519516e-05,0.00022417450046200002,-0.010983290629901001,3.534247773529162e-05,0.00012978047709000001,0.027307692307692002,xy_gf_v05_XTrav,XTrav,
9.6466430009717e-05,2.7339895201255782e-05,0.000187890194207,-0.010977463035495,3.48430939934085e-05,9.142376419771574e-05,0.028076923076923003,xy_gf_v05_XTrav,XTrav,
8.923646699454496e-05,2.7200361091384194e-05,0.00015582492525300002,-0.010980246666252,3.281813111911802e-05,6.658845825869252e-05,0.028846153846153,xy_gf_v05_XTrav,XTrav,
0.000114174550715,2.9014710939376963e-05,0.000208509657426,-0.010984567699362001,3.588949709885069e-05,9.433510671106975e-05,0.029615384615384002,xy_gf_v05_XTrav,XTrav,
9.406575417953909e-05,2.669240989479543e-05,0.00022880700987,-0.010993354875104,3.4528098517787134e-05,0.00013474125569100002,0.030384615384615003,xy_gf_v05_XTrav,XTrav,
6.779696448319487e-05,2.7982999800666703e-05,0.000171254499213,-0.010986276631157001,3.4470847948770234e-05,0.00010345753473000001,0.031153846153846,xy_gf_v05_XTrav,XTrav,
9.230966971596721e-05,2.6718411905019452e-05,0.00027923963094000004,-0.010987843092834002,3.4821237964723695e-05,0.000186929961224,0.031923076923076,xy_gf_v05_XTrav,XTrav,
9.359343902545088e-05,2.5528743635144294e-05,0.00020306992757,-0.010973528440281,3.331254569290477e-05,0.00010947648854500001,0.032692307692307,xy_gf_v05_XTrav,XTrav,
8.220975698883942e-05,2.4261171677820862e-05,0.00015828770311900002,-0.010986761787276,3.074780603623907e-05,7.607794613092961e-05,0.033461538461538,xy_gf_v05_XTrav,XTrav,
7.616887443146968e-05,2.3760369441153755e-05,0.000168896640239,-0.010976373999051001,2.9837289913200315e-05,9.272776580790398e-05,0.034230769230769,xy_gf_v05_XTrav,XTrav,
6.719146046155548e-05,2.5449335734080412e-05,0.000174295391943,-0.010977666830982,3.2409974629575824e-05,0.000107103931481,0.035,xy_gf_v05_XTrav,XTrav,
9.56719242744472e-05,2.7570378155521625e-05,0.00021635263483000001,-0.0109549142771,3.4867605147230635e-05,0.00012068071055500001,0.005,xy_gf_v025_XTrav,XTrav,
9.437810412523535e-05,2.7466578481777943e-05,0.000194898859065,-0.010955217563216001,3.5087929698707774e-05,0.00010052075494,0.00576923076923,xy_gf_v025_XTrav,XTrav,
0.00010467029928400001,2.659376513369197e-05,0.00021317088545600002,-0.010967169459068001,3.381113851038179e-05,0.00010850058617200001,0.006538461538461,xy_gf_v025_XTrav,XTrav,
0.00010357043871200001,3.0245334804574692e-05,0.000289840046216,-0.010963283915830001,3.817285518092987e-05,0.000186269607503,0.0073076923076920005,xy_gf_v025_XTrav,XTrav,
7.771929411281783e-05,2.837184074301018e-05,0.00018616831655500002,-0.010960952825023,3.6069224823205506e-05,0.000108449022442,0.008076923076923,xy_gf_v025_XTrav,XTrav,
7.01322917902817e-05,2.581514317057008e-05,0.00015532589604300002,-0.010957722394772001,3.188192604157076e-05,8.519360425295575e-05,0.008846153846153,xy_gf_v025_XTrav,XTrav,
9.748144645744217e-05,2.7159460590031232e-05,0.000227399098089,-0.010956179504455,3.493838928647214e-05,0.000129917651632,0.009615384615384,xy_gf_v025_XTrav,XTrav,
7.723728868436719e-05,2.8203384865563844e-05,0.000228536138043,-0.010960942388009001,3.436057487283784e-05,0.00015129884935800002,0.010384615384615001,xy_gf_v025_XTrav,XTrav,
0.00010078613712300001,3.079412937412827e-05,0.00024942107747400003,-0.010956507768861002,3.8924466835577684e-05,0.000148634940351,0.011153846153846,xy_gf_v025_XTrav,XTrav,
0.00010146486729300001,2.6865212071362022e-05,0.00031445220484,-0.010963148391503,3.56711739344341e-05,0.000212987337546,0.011923076923076,xy_gf_v025_XTrav,XTrav,
0.00011043484557600001,2.803674137687609e-05,0.000205759107018,-0.010968182344279001,3.4345642429210446e-05,9.532426144285948e-05,0.012692307692307002,xy_gf_v025_XTrav,XTrav,
9.799776312425722e-05,2.9093805651843833e-05,0.000244664861178,-0.010964484585134,3.7109415736348626e-05,0.00014666709805400002,0.013461538461538,xy_gf_v025_XTrav,XTrav,
8.541634448298864e-05,2.818208082953754e-05,0.00020770120811800002,-0.01095851325694,3.563772342375163e-05,0.000122284863635,0.014230769230769002,xy_gf_v025_XTrav,XTrav,
8.120835036755196e-05,2.5481531316370144e-05,0.00019271370548700002,-0.010966218905361001,3.131723468273422e-05,0.00011150535512000001,0.015000000000000001,xy_gf_v025_XTrav,XTrav,
7.972222880056438e-05,2.797405721936758e-05,0.000163655549181,-0.010969470286409001,3.389970444993661e-05,8.393332038073889e-05,0.01576923076923,xy_gf_v025_XTrav,XTrav,
0.00011994402951400001,2.6688746115987694e-05,0.00023089746279400002,-0.010957219127603,3.46227412865364e-05,0.00011095343328,0.016538461538461002,xy_gf_v025_XTrav,XTrav,
9.587437595194939e-05,2.7395609752957443e-05,0.000223396619058,-0.010961598174976,3.508945780312656e-05,0.00012752224310600001,0.017307692307692,xy_gf_v025_XTrav,XTrav,
0.00011106251423300001,2.441475018043327e-05,0.00022852390345400001,-0.010971505038473,3.2644738828287654e-05,0.00011746138922000001,0.018076923076923,xy_gf_v025_XTrav,XTrav,
0.000131191019276,3.0231322076107293e-05,0.00023443828005000002,-0.010965183216467,3.797034400605283e-05,0.000103247260773,0.018846153846153003,xy_gf_v025_XTrav,XTrav,
0.000131252557153,3.124956784448061e-05,0.00021515784148400002,-0.010969026816645001,3.944575302178e-05,8.390528433123434e-05,0.019615384615384,xy_gf_v025_XTrav,XTrav,
8.713773809656232e-05,2.8831023770428092e-05,0.00021521860154500002,-0.010972276046606002,3.6416962144044786e-05,0.00012808086344900002,0.020384615384615,xy_gf_v025_XTrav,XTrav,
9.529585569127523e-05,2.5803939443913693e-05,0.000244081898457,-0.010968068670197001,3.3462545559561224e-05,0.000148786042766,0.021153846153846002,xy_gf_v025_XTrav,XTrav,
0.00011036954678500001,3.016623836859978e-05,0.000309075170139,-0.010976708676255002,4.094942545685027e-05,0.000198705623354,0.021923076923076,xy_gf_v025_XTrav,XTrav,
0.000148388671065,3.1267703545771646e-05,0.000273476509712,-0.010966695666136,4.012853862934731e-05,0.00012508783864600002,0.022692307692307002,xy_gf_v025_XTrav,XTrav,
9.542369405093551e-05,3.226803575148661e-05,0.000270717101817,-0.010964965610850001,3.941302858744992e-05,0.000175293407766,0.023461538461538003,xy_gf_v025_XTrav,XTrav,
0.00012716846649000002,2.8877814956607896e-05,0.000216474628287,-0.010972852584865,3.7839392716560356e-05,8.930616179728472e-05,0.024230769230769,xy_gf_v025_XTrav,XTrav,
9.200315622230788e-05,2.8408549889177456e-05,0.000213524338015,-0.010971044239191001,3.6382251666526335e-05,0.00012152118179300001,0.025,xy_gf_v025_XTrav,XTrav,
0.000113193863254,3.268011673916981e-05,0.00023851113308400002,-0.010975609406469002,4.1337006791174374e-05,0.00012531726983,0.025769230769230003,xy_gf_v025_XTrav,XTrav,
7.879166757929212e-05,2.66810549015682e-05,0.000179975618923,-0.010972969469059,3.3778952317908214e-05,0.00010118395134400001,0.026538461538461,xy_gf_v025_XTrav,XTrav,
0.00011662790227500001,3.1520890925524554e-05,0.00022221914382200003,-0.010976189792989002,3.9758224470751206e-05,0.00010559124154700001,0.027307692307692002,xy_gf_v025_XTrav,XTrav,
0.00013525388226300002,3.679239114366953e-05,0.00025179745435200004,-0.010966588855787001,4.835857691637135e-05,0.000116543572088,0.028076923076923003,xy_gf_v025_XTrav,XTrav,
6.447832865364572e-05,2.4771492328679344e-05,0.000145537850831,-0.010975233067477,2.9739630425432545e-05,8.105952217827422e-05,0.028846153846153,xy_gf_v025_XTrav,XTrav,
0.00010851784383400001,2.9871755706040364e-05,0.00027153513415,-0.010971823115642002,3.8101862888766665e-05,0.000163017290316,0.029615384615384002,xy_gf_v025_XTrav,XTrav,
0.000143517146223,3.0300117581174074e-05,0.00023621255986300003,-0.010982944172174,3.9941242641401745e-05,9.269541363958989e-05,0.030384615384615003,xy_gf_v025_XTrav,XTrav,
9.69678223990897e-05,2.8993200268238233e-05,0.00023327523183400001,-0.010982333958758,3.686535566667362e-05,0.00013630740943500002,0.031153846153846,xy_gf_v025_XTrav,XTrav,
8.664363656489885e-05,2.9109647515070363e-05,0.00026922897011,-0.010990582166474,3.8510378691862023e-05,0.00018258533354500002,0.031923076923076,xy_gf_v025_XTrav,XTrav,
0.000171056100672,2.2268732339394433e-05,0.00029322885774000004,-0.010989275731415001,3.3387508786130086e-05,0.000122172757067,0.032692307692307,xy_gf_v025_XTrav,XTrav,
0.000105933255222,3.1638169805106083e-05,0.00020475780603100002,-0.0109849449635,3.8320732144692006e-05,9.882455080952555e-05,0.033461538461538,xy_gf_v025_XTrav,XTrav,
8.444098687700706e-05,2.3105112324902793e-05,0.000174257867515,-0.010985814718656001,3.0018400902189402e-05,8.981688063851474e-05,0.034230769230769,xy_gf_v025_XTrav,XTrav,
0.00010769964753600001,2.453265892561643e-05,0.00023933168473100003,-0.010989074226085001,3.315114695473583e-05,0.000131632037195,0.035,xy_gf_v025_XTrav,XTrav,
7.030273438233918e-05,2.361908300865001e-05,0.00017181724900500002,-0.010987872099933,3.0263706236831983e-05,0.00010151451462300001,0.005,xy_gf_solidrake_XTrav,XTrav,
7.195009681015657e-05,2.4621270562077185e-05,0.00017198998903100003,-0.010983124266153001,3.055639563272704e-05,0.00010003989222100001,0.00576923076923,xy_gf_solidrake_XTrav,XTrav,
8.148098753064936e-05,2.7483553946205686e-05,0.000168235246335,-0.011003212647967001,3.343626430982512e-05,8.675425880516273e-05,0.006538461538461,xy_gf_solidrake_XTrav,XTrav,
8.574951152026494e-05,2.5935916721658644e-05,0.000216775179582,-0.011030130791451001,3.297561484795878e-05,0.000131025668062,0.0073076923076920005,xy_gf_solidrake_XTrav,XTrav,
0.000103920421539,2.4980973479463582e-05,0.00021224461357300002,-0.011007434062277001,3.2418492102406784e-05,0.000108324192034,0.008076923076923,xy_gf_solidrake_XTrav,XTrav,
7.896710079691173e-05,2.4018704017732423e-05,0.000158714950849,-0.011005380836757,2.9947358311640964e-05,7.974785005245531e-05,0.008846153846153,xy_gf_solidrake_XTrav,XTrav,
8.891592319788465e-05,2.4989211378530823e-05,0.00019920489817000002,-0.011013038703414002,3.1669158886241184e-05,0.00011028897497200001,0.009615384615384,xy_gf_solidrake_XTrav,XTrav,
8.594384345775309e-05,2.343103368294794e-05,0.00019302244122800001,-0.011014953765079001,2.9584016568796082e-05,0.00010707859777000001,0.010384615384615001,xy_gf_solidrake_XTrav,XTrav,
7.72808069718512e-05,2.3673020082281282e-05,0.000151752389157,-0.011007044206766,2.9360693564016833e-05,7.447158218519545e-05,0.011153846153846,xy_gf_solidrake_XTrav,XTrav,
8.933654100709913e-05,2.7122177914747793e-05,0.00022001694740200002,-0.010998858042653001,3.4538134629471546e-05,0.000130680406395,0.011923076923076,xy_gf_solidrake_XTrav,XTrav,
6.917784840255667e-05,2.4193569610272073e-05,0.00017452122193900002,-0.01100142741064,2.9987446416587503e-05,0.00010534337353600001,0.012692307692307002,xy_gf_solidrake_XTrav,XTrav,
7.527368029815186e-05,2.5988001473893492e-05,0.00018939187374200002,-0.01100138251493,3.29170352759997e-05,0.000114118193444,0.013461538461538,xy_gf_solidrake_XTrav,XTrav,
7.707437942837923e-05,2.5630981186387046e-05,0.000187127252152,-0.011008244927804,3.2222055911317606e-05,0.00011005287272400001,0.014230769230769002,xy_gf_solidrake_XTrav,XTrav,
0.00010068664186400001,2.6459267156573822e-05,0.00020838889815900002,-0.011007735197433002,3.3551867027513395e-05,0.00010770225629400001,0.015000000000000001,xy_gf_solidrake_XTrav,XTrav,
8.425234096923544e-05,2.42693610757699e-05,0.000182634014039,-0.011016671974740001,3.027042282165728e-05,9.838167307019488e-05,0.01576923076923,xy_gf_solidrake_XTrav,XTrav,
8.820325804952124e-05,2.4397431048698373e-05,0.000188909193696,-0.011001112710071,3.108604545372953e-05,0.00010070593564600001,0.016538461538461002,xy_gf_solidrake_XTrav,XTrav,
9.405314934377366e-05,3.0439294721800493e-05,0.000206072775717,-0.011018829161025001,3.806282614944522e-05,0.000112019626373,0.017307692307692,xy_gf_solidrake_XTrav,XTrav,
8.671606441320973e-05,2.5814026363065953e-05,0.000165106691228,-0.011003815817815002,3.1305812099930407e-05,7.83906268155346e-05,0.018076923076923,xy_gf_solidrake_XTrav,XTrav,
9.416232679150886e-05,2.3223013609944404e-05,0.00018531310721,-0.01100300544888,3.0336656057057952e-05,9.115078041884925e-05,0.018846153846153003,xy_gf_solidrake_XTrav,XTrav,
7.799341587598832e-05,2.45529152844596e-05,0.00016656960436400002,-0.011009531783474,3.0928500170817774e-05,8.857618848826834e-05,0.019615384615384,xy_gf_solidrake_XTrav,XTrav,
9.429084101967093e-05,2.5900040850954353e-05,0.00021041533407000003,-0.011005135807894001,3.3345459570572224e-05,0.00011612449305000001,0.020384615384615,xy_gf_solidrake_XTrav,XTrav,
7.012973131258204e-05,2.5809585091338734e-05,0.000165445175607,-0.011010002277555001,3.1755854202741835e-05,9.531544429541502e-05,0.021153846153846002,xy_gf_solidrake_XTrav,XTrav,
7.832104333909545e-05,2.9196988923261212e-05,0.000176714057897,-0.011009178993481,3.63874665471408e-05,9.839301455870712e-05,0.021923076923076,xy_gf_solidrake_XTrav,XTrav,
9.794046641752216e-05,2.4445250911350474e-05,0.000183632259438,-0.011012748462109001,3.1091088542735444e-05,8.569179302111292e-05,0.022692307692307002,xy_gf_solidrake_XTrav,XTrav,
5.9049960416798434e-05,2.3831103726366752e-05,0.00016169012587300002,-0.011009756405984,2.9368618716158162e-05,0.00010264016545600001,0.023461538461538003,xy_gf_solidrake_XTrav,XTrav,
6.132994372991425e-05,2.443134124097599e-05,0.00013502091926,-0.011007738463240001,2.996256146091111e-05,7.369097553075986e-05,0.024230769230769,xy_gf_solidrake_XTrav,XTrav,
8.401697930275967e-05,2.413073981365551e-05,0.000173643682399,-0.011014071339972,3.0711461470081716e-05,8.962670309660761e-05,0.025,xy_gf_solidrake_XTrav,XTrav,
7.522459104008193e-05,2.5250053934837073e-05,0.000168934657074,-0.011008091561658,3.243640729364517e-05,9.371006603479774e-05,0.025769230769230003,xy_gf_solidrake_XTrav,XTrav,
9.619242898983861e-05,2.484928129116324e-05,0.00019012822804000002,-0.011013097629309,3.216406945261455e-05,9.393579905104567e-05,0.026538461538461,xy_gf_solidrake_XTrav,XTrav,
7.91934447004379e-05,2.48727144348047e-05,0.000157174082505,-0.011010677357118,3.066618009643859e-05,7.798063780548732e-05,0.027307692307692002,xy_gf_solidrake_XTrav,XTrav,
8.167012715909819e-05,2.9883534077547004e-05,0.00018917670822400003,-0.011016158745369,3.677132109818544e-05,0.00010750658106500001,0.028076923076923003,xy_gf_solidrake_XTrav,XTrav,
8.723714900843103e-05,2.7664752778470904e-05,0.00022462908955000002,-0.011012440061116001,3.530488307540343e-05,0.00013739194054200002,0.028846153846153,xy_gf_solidrake_XTrav,XTrav,
6.545950861838734e-05,2.1478973185498852e-05,0.000143243332125,-0.011006907766111,2.7143579952200464e-05,7.778382350742513e-05,0.029615384615384002,xy_gf_solidrake_XTrav,XTrav,
8.134701995886341e-05,2.6187924000385792e-05,0.00022808675679,-0.011009376174265001,3.423593942967353e-05,0.000146739736831,0.030384615384615003,xy_gf_solidrake_XTrav,XTrav,
0.00010173457358700001,2.394177281353681e-05,0.00019708776878700002,-0.011022924396565001,3.1517207736331314e-05,9.535319520002569e-05,0.031153846153846,xy_gf_solidrake_XTrav,XTrav,
8.567168838431034e-05,2.731373556638502e-05,0.000194497724968,-0.011017524063399,3.4547292400762714e-05,0.00010882603658400001,0.031923076923076,xy_gf_solidrake_XTrav,XTrav,
8.799830509579298e-05,2.7533584096478723e-05,0.00019062131266200003,-0.011013544247887001,3.3955358691619175e-05,0.000102623007566,0.032692307692307,xy_gf_solidrake_XTrav,XTrav,
7.176960142644961e-05,2.436269094400685e-05,0.000167719706017,-0.011022274601886001,3.071232195452283e-05,9.595010459153426e-05,0.033461538461538,xy_gf_solidrake_XTrav,XTrav,
9.645829235631517e-05,2.89018841092659e-05,0.00026299455305200004,-0.011008458619606,3.6995745668280486e-05,0.000166536260696,0.034230769230769,xy_gf_solidrake_XTrav,XTrav,
8.212768308783239e-05,2.5032273481298744e-05,0.000186664003221,-0.011016620906548001,3.2416085831392235e-05,0.00010453632013300001,0.035,xy_gf_solidrake_XTrav,XTrav,
0.000115976327868,3.1355582208000805e-05,0.00024498596685300003,-0.01100812047981,3.951953843909176e-05,0.00012900963898400001,,xy_gf_2v_ZTrav,ZTrav,-0.002
0.00012876049177,3.0097804520845173e-05,0.00025270476439700004,-0.011005176168521001,3.7587451102684454e-05,0.00012394427262700001,,xy_gf_2v_ZTrav,ZTrav,-0.0018205128205120002
0.00012307752441200002,2.9593368707789793e-05,0.00026941771954,-0.011006075489273001,3.710590341651729e-05,0.000146340195128,,xy_gf_2v_ZTrav,ZTrav,-0.0016410256410250002
0.00011594782999900001,2.9445424999232825e-05,0.00022832350162800002,-0.011006397914109001,3.7060841182678554e-05,0.00011237567162800001,,xy_gf_2v_ZTrav,ZTrav,-0.0014615384615380002
0.00011363142670000001,3.0377373659693682e-05,0.00029137067975400005,-0.011010551338709,3.863625648706933e-05,0.00017773925305300002,,xy_gf_2v_ZTrav,ZTrav,-0.0012820512820510002
0.00011353793952400002,2.9642319945380582e-05,0.000265027545183,-0.011010523853772,3.75443804262496e-05,0.000151489605658,,xy_gf_2v_ZTrav,ZTrav,-0.0011025641025640001
0.00011717718938200001,3.0774152174424544e-05,0.00025191554768200003,-0.011008006886359,3.9572309856107826e-05,0.000134738358299,,xy_gf_2v_ZTrav,ZTrav,-0.0009230769230760001
0.00011742135962500001,2.8570411618926616e-05,0.00024201965133000003,-0.011007389333418001,3.68250960424347e-05,0.000124598291704,,xy_gf_2v_ZTrav,ZTrav,-0.0007435897435890001
0.00011364131798000002,2.9582876976485493e-05,0.000245067754795,-0.01100480383042,3.740549029498e-05,0.00013142643681500002,,xy_gf_2v_ZTrav,ZTrav,-0.0005641025641020001
0.000159591938544,3.1269977075175395e-05,0.00032810264492400004,-0.011004835595815,3.9950357496602175e-05,0.00016851070637900002,,xy_gf_2v_ZTrav,ZTrav,-0.00038461538461500005
0.00012061585026,3.155276151873134e-05,0.000234233563856,-0.011009253577107001,3.99116835803961e-05,0.000113617713596,,xy_gf_2v_ZTrav,ZTrav,-0.000205128205128
0.00014832177041600002,3.024479491849597e-05,0.00029392798139300005,-0.011014758876122,3.854311467126516e-05,0.000145606210977,,xy_gf_2v_ZTrav,ZTrav,-2.5641025641025623e-05
0.00015451420674,3.188773609227498e-05,0.000288527733219,-0.011011630587553,4.0175927780684406e-05,0.000134013526479,,xy_gf_2v_ZTrav,ZTrav,0.000153846153846
0.00010391584935400001,2.9646278570919462e-05,0.00023623165810600003,-0.011005440173032,3.7775041818031205e-05,0.00013231580875100002,,xy_gf_2v_ZTrav,ZTrav,0.00033333333333300004
0.000102057326389,2.8629601434119175e-05,0.00024132121939900001,-0.011003094931637002,3.5820302468882954e-05,0.000139263893009,,xy_gf_2v_ZTrav,ZTrav,0.00051282051282
0.00011851529221500001,2.8415830760056215e-05,0.00023231467120000002,-0.011008915157798001,3.6120349685333607e-05,0.00011379937898400001,,xy_gf_2v_ZTrav,ZTrav,0.000692307692307
0.00011673134163500001,2.9010172057551104e-05,0.00024094470365100003,-0.011010083916934001,3.64374591243077e-05,0.000124213362015,,xy_gf_2v_ZTrav,ZTrav,0.0008717948717940001
0.00011964733091900001,2.9983672012668522e-05,0.00023349543472800003,-0.011010689497811001,3.765312765179938e-05,0.00011384810380800001,,xy_gf_2v_ZTrav,ZTrav,0.001051282051282
0.000116987790909,2.898174088547186e-05,0.00024570290824900003,-0.011006841405586,3.6465567785056226e-05,0.00012871511734,,xy_gf_2v_ZTrav,ZTrav,0.001230769230769
0.000104278364348,3.0984490434426204e-05,0.00021897232172700003,-0.01100617821085,3.921822666951278e-05,0.000114693957379,,xy_gf_2v_ZTrav,ZTrav,0.001410256410256
0.00010779488521900001,2.9071685157561112e-05,0.00025452950414200004,-0.011008272938577,3.7142978097049084e-05,0.000146734618922,,xy_gf_2v_ZTrav,ZTrav,0.0015897435897430001
0.00012578346203900002,3.1669633189800205e-05,0.00028518353840800004,-0.011008869198061001,4.023515061870229e-05,0.000159400076368,,xy_gf_2v_ZTrav,ZTrav,0.0017692307692300001
0.000115324436774,3.2069967662600996e-05,0.000234406819663,-0.011004628777374001,4.0539172844608464e-05,0.00011908238288800002,,xy_gf_2v_ZTrav,ZTrav,0.0019487179487170001
0.00010321425421700001,3.1567105350199773e-05,0.000220526766399,-0.011004676888228001,3.9451492404909604e-05,0.00011731251218100001,,xy_gf_2v_ZTrav,ZTrav,0.002128205128205
0.00011961161817200002,2.9961270210875054e-05,0.000263708361845,-0.011003625881413001,3.7699184194897005e-05,0.000144096743672,,xy_gf_2v_ZTrav,ZTrav,0.002307692307692
0.000123520661477,3.096237911417921e-05,0.000265472106472,-0.01100706241175,3.941926594022071e-05,0.000141951444994,,xy_gf_2v_ZTrav,ZTrav,0.0024871794871790002
0.00010262196749500001,3.1578939701990004e-05,0.00022861549347100003,-0.011012497603575,3.9122135462804333e-05,0.000125993525976,,xy_gf_2v_ZTrav,ZTrav,0.002666666666666
0.000129332538102,3.174308230884111e-05,0.00026855810026900004,-0.011011057498023,3.97947916319581e-05,0.000139225562167,,xy_gf_2v_ZTrav,ZTrav,0.0028461538461530002
0.00013473539633400002,2.9397579467753715e-05,0.000265948752823,-0.011012292483165001,3.7688323316103696e-05,0.000131213356489,,xy_gf_2v_ZTrav,ZTrav,0.003025641025641
0.000133321065477,3.095858971347384e-05,0.00029676071788400005,-0.011007472498957001,3.927197549085636e-05,0.00016343965240600002,,xy_gf_2v_ZTrav,ZTrav,0.0032051282051280003
0.000142358650628,2.9461223896261867e-05,0.00033368830997400003,-0.011007280956695,3.8063765915957364e-05,0.000191329659346,,xy_gf_2v_ZTrav,ZTrav,0.003384615384615
9.70125814948094e-05,3.0225925290398822e-05,0.00025364554392200004,-0.011008905469563,3.831474685802719e-05,0.00015663296242700002,,xy_gf_2v_ZTrav,ZTrav,0.0035641025641020003
0.00011394204630400001,3.056404459827428e-05,0.000244107673257,-0.011009874052160001,3.8070117981085465e-05,0.000130165626953,,xy_gf_2v_ZTrav,ZTrav,0.003743589743589
0.00014798263458800002,3.1569072921663515e-05,0.000265332413442,-0.011007541550574,3.960082492739902e-05,0.00011734977885400002,,xy_gf_2v_ZTrav,ZTrav,0.003923076923076
0.00014953976270000002,2.90780544044293e-05,0.000289648445501,-0.011006514000571,3.708129403547985e-05,0.0001401086828,,xy_gf_2v_ZTrav,ZTrav,0.004102564102564
0.000108412507279,2.8796682855990404e-05,0.000245546913192,-0.011004015747533001,3.6358847242419356e-05,0.000137134405913,,xy_gf_2v_ZTrav,ZTrav,0.004282051282051
0.00013555647886800002,3.0674506188739583e-05,0.000242519894558,-0.010998411425457,3.894925795543931e-05,0.00010696341568900001,,xy_gf_2v_ZTrav,ZTrav,0.004461538461538001
0.000124013738385,3.073046884164612e-05,0.000354793039148,-0.011007703171948002,3.975861503761293e-05,0.00023077930076200002,,xy_gf_2v_ZTrav,ZTrav,0.0046410256410250005
0.000126522737271,3.2337893586293575e-05,0.000245343022319,-0.011009641043219,4.099686965030234e-05,0.000118820285048,,xy_gf_2v_ZTrav,ZTrav,0.004820512820512
0.000141812875199,3.413085031478942e-05,0.000292329276309,-0.011012892114365002,4.3427944908643466e-05,0.000150516401109,,xy_gf_2v_ZTrav,ZTrav,0.005
8.854216140032936e-05,2.527759059374316e-05,0.00021826300466300003,-0.011002572960604001,3.2112535537900545e-05,0.000129720843263,,xy_gf_v_ZTrav,ZTrav,-0.002
0.00010913199304700001,2.7820995966564593e-05,0.00023546961423700003,-0.011000295296085,3.509575073304211e-05,0.000126337621189,,xy_gf_v_ZTrav,ZTrav,-0.0018205128205120002
0.00011113374532300001,2.6878975616448664e-05,0.00031840978177300003,-0.011003277230758,3.4782026903351434e-05,0.000207276036449,,xy_gf_v_ZTrav,ZTrav,-0.0016410256410250002
0.00010883841888900002,2.7988861387955465e-05,0.000269104489786,-0.010997152647166001,3.575127984825115e-05,0.00016026607089700002,,xy_gf_v_ZTrav,ZTrav,-0.0014615384615380002
8.767123816637128e-05,2.6223465166621364e-05,0.00021530047428500003,-0.010999175506357001,3.293457237026912e-05,0.000127629236118,,xy_gf_v_ZTrav,ZTrav,-0.0012820512820510002
0.00011126139664800001,2.742961237457296e-05,0.00027098532911,-0.011004127885188,3.482185336124958e-05,0.00015972393246200002,,xy_gf_v_ZTrav,ZTrav,-0.0011025641025640001
9.379384609506033e-05,2.5488897299085512e-05,0.000243676984226,-0.011004187548666,3.232575250953735e-05,0.000149883138131,,xy_gf_v_ZTrav,ZTrav,-0.0009230769230760001
0.000112782301962,2.7092314967240522e-05,0.00020869958876000002,-0.011001825913897001,3.393067068721663e-05,9.591728679801334e-05,,xy_gf_v_ZTrav,ZTrav,-0.0007435897435890001
9.908822690492433e-05,2.8607788711692035e-05,0.000256049329556,-0.011000380040868,3.6000218030108705e-05,0.000156961102651,,xy_gf_v_ZTrav,ZTrav,-0.0005641025641020001
0.000104581859209,2.7738224474104575e-05,0.000303540558264,-0.011001230871893001,3.5009969552722656e-05,0.000198958699055,,xy_gf_v_ZTrav,ZTrav,-0.00038461538461500005
0.00011710522167000001,2.7879359082347585e-05,0.000277435212482,-0.010998806867941,3.5952305526845974e-05,0.00016032999081100002,,xy_gf_v_ZTrav,ZTrav,-0.000205128205128
0.00012213372664,2.7922496717925334e-05,0.000276819495048,-0.011001598208276,3.546146344414063e-05,0.00015468576840800002,,xy_gf_v_ZTrav,ZTrav,-2.5641025641025623e-05
0.000113731789545,2.6594427704440464e-05,0.00024288546289600002,-0.011002196533749,3.4138306817342716e-05,0.000129153673351,,xy_gf_v_ZTrav,ZTrav,0.000153846153846
8.825778500599381e-05,2.8306063461891195e-05,0.000226784839023,-0.010997176260648,3.5300932154841255e-05,0.00013852705401700002,,xy_gf_v_ZTrav,ZTrav,0.00033333333333300004
8.808487803363929e-05,2.7417443121163794e-05,0.00018972808610800003,-0.010996701886483001,3.3999599274095765e-05,0.00010164320807400001,,xy_gf_v_ZTrav,ZTrav,0.00051282051282
0.00010014644054100001,2.715349546038425e-05,0.00020734217518200002,-0.011001050961395,3.3558491180654295e-05,0.000107195734641,,xy_gf_v_ZTrav,ZTrav,0.000692307692307
9.378350506446949e-05,2.6931945487505424e-05,0.00020512114434600003,-0.011005177997761,3.379032069778983e-05,0.00011133763928100001,,xy_gf_v_ZTrav,ZTrav,0.0008717948717940001
0.00010344130906700001,2.7956382481759882e-05,0.00025579821029000005,-0.011004235608277001,3.548127877853511e-05,0.00015235690122200002,,xy_gf_v_ZTrav,ZTrav,0.001051282051282
0.00012266066147,2.5764539396303603e-05,0.00022186416076300003,-0.011003646681137002,3.242431325882223e-05,9.920349929347026e-05,,xy_gf_v_ZTrav,ZTrav,0.001230769230769
0.00011699641917700001,2.5533300977558212e-05,0.00028330212096500004,-0.010998673570268002,3.305433907520325e-05,0.00016630570178700001,,xy_gf_v_ZTrav,ZTrav,0.001410256410256
0.000132031133046,2.659828265163336e-05,0.000269441292075,-0.011000247498151,3.4072040146379834e-05,0.000137410159029,,xy_gf_v_ZTrav,ZTrav,0.0015897435897430001
0.00010113869003500001,2.7502319671724193e-05,0.00020043043043600002,-0.011000702399964,3.465576932805008e-05,9.929174040156259e-05,,xy_gf_v_ZTrav,ZTrav,0.0017692307692300001
9.946006928164032e-05,2.7102634500596404e-05,0.000223797378211,-0.011006718035483,3.429969832696081e-05,0.00012433730893000002,,xy_gf_v_ZTrav,ZTrav,0.0019487179487170001
8.899838382128018e-05,2.8645010818149163e-05,0.000237429881089,-0.011003009030024,3.531499334988694e-05,0.000148431497268,,xy_gf_v_ZTrav,ZTrav,0.002128205128205
0.00011783169408800001,2.8680353000445606e-05,0.000240849381217,-0.010999467885851,3.5870600232285716e-05,0.000123017687129,,xy_gf_v_ZTrav,ZTrav,0.002307692307692
9.959641788802322e-05,2.6738259892550315e-05,0.00021586945849900001,-0.010998765431706001,3.31268060330886e-05,0.00011627304061100001,,xy_gf_v_ZTrav,ZTrav,0.0024871794871790002
0.00012084439969,2.7408921898765043e-05,0.000277871900145,-0.010996456713031,3.4654200801927085e-05,0.000157027500454,,xy_gf_v_ZTrav,ZTrav,0.002666666666666
9.669231032182618e-05,2.5621249037409114e-05,0.00020565611829700001,-0.011002708705719,3.170946501746946e-05,0.00010896380797600001,,xy_gf_v_ZTrav,ZTrav,0.0028461538461530002
0.000108210656087,2.636524659052899e-05,0.000233523757049,-0.011001464764631002,3.309184119694063e-05,0.00012531310096200002,,xy_gf_v_ZTrav,ZTrav,0.003025641025641
0.00013745814826500002,2.6683878625662743e-05,0.000277760493472,-0.011000827640676001,3.4027586029985225e-05,0.000140302345207,,xy_gf_v_ZTrav,ZTrav,0.0032051282051280003
8.653074609533269e-05,2.6583597643610734e-05,0.00028861073321300004,-0.010997974815108,3.323403124340807e-05,0.00020207998711800003,,xy_gf_v_ZTrav,ZTrav,0.003384615384615
9.711112198097782e-05,2.6495367124570554e-05,0.000313547409969,-0.010996879918726,3.3860470979348306e-05,0.000216436287988,,xy_gf_v_ZTrav,ZTrav,0.0035641025641020003
0.00011173987218800001,2.8362847214378642e-05,0.000277740944847,-0.010996796712942,3.603337278282457e-05,0.000166001072659,,xy_gf_v_ZTrav,ZTrav,0.003743589743589
8.923350708859788e-05,2.6913820358017074e-05,0.00023919226110300003,-0.011000572257412002,3.3830272132878155e-05,0.000149958754014,,xy_gf_v_ZTrav,ZTrav,0.003923076923076
0.00010849132105300001,2.5215026185153724e-05,0.00021811511583100002,-0.011000780390615,3.1944665685237854e-05,0.00010962379477800001,,xy_gf_v_ZTrav,ZTrav,0.004102564102564
0.000108810334753,2.7675501788292004e-05,0.00020541123992100002,-0.010997863309939002,3.485413954432346e-05,9.660090516825337e-05,,xy_gf_v_ZTrav,ZTrav,0.004282051282051
0.00011177292408700001,2.7457311317615826e-05,0.00023205081479900003,-0.010995330259337,3.4619047894045245e-05,0.00012027789071200001,,xy_gf_v_ZTrav,ZTrav,0.004461538461538001
8.463181068859954e-05,2.5117425807864463e-05,0.00021972416076700003,-0.010999039712115001,3.2031619447668234e-05,0.00013509235007800002,,xy_gf_v_ZTrav,ZTrav,0.0046410256410250005
0.000124020787221,2.6741440226696233e-05,0.00023644895359500003,-0.010999076088848,3.465361647005011e-05,0.00011242816637300001,,xy_gf_v_ZTrav,ZTrav,0.004820512820512
9.558954514734404e-05,2.6380936572510584e-05,0.00022058258437400002,-0.011000884904671,3.290541674938334e-05,0.000124993039227,,xy_gf_v_ZTrav,ZTrav,0.005
8.001038423205259e-05,2.749057347711188e-05,0.00020178969156,-0.010989388481174001,3.471611997645646e-05,0.000121779307328,,xy_gf_v05_ZTrav,ZTrav,-0.002
9.467598021261835e-05,2.67945301877422e-05,0.00021387053449200001,-0.010985906960094001,3.3394885026114554e-05,0.00011919455428000002,,xy_gf_v05_ZTrav,ZTrav,-0.0018205128205120002
0.00010569166647600001,2.626490207277141e-05,0.000339391210552,-0.010974691449434,3.3392322691957344e-05,0.00023369954407600002,,xy_gf_v05_ZTrav,ZTrav,-0.0016410256410250002
9.190885579398941e-05,2.658116177644458e-05,0.00023930638751700002,-0.010969150373105,3.3459067775767806e-05,0.000147397531723,,xy_gf_v05_ZTrav,ZTrav,-0.0014615384615380002
0.00011429812559800001,2.6060833453244213e-05,0.00025607979336100004,-0.010984109105905,3.335690559756117e-05,0.00014178166776200002,,xy_gf_v05_ZTrav,ZTrav,-0.0012820512820510002
9.505100198660238e-05,2.5977520449661594e-05,0.00020716067988800003,-0.010995578680051,3.2422709534113195e-05,0.000112109677901,,xy_gf_v05_ZTrav,ZTrav,-0.0011025641025640001
9.093442659730001e-05,2.6123201699466015e-05,0.000212943673589,-0.010989198775263,3.2514307401936745e-05,0.000122009246992,,xy_gf_v05_ZTrav,ZTrav,-0.0009230769230760001
9.55931681456291e-05,2.6354399837790185e-05,0.00021537221933500003,-0.010984617098199001,3.273366303485428e-05,0.00011977905118900001,,xy_gf_v05_ZTrav,ZTrav,-0.0007435897435890001
8.468584263026865e-05,2.7678794132370233e-05,0.000203467958907,-0.010970457204881,3.446799156810478e-05,0.00011878211627700001,,xy_gf_v05_ZTrav,ZTrav,-0.0005641025641020001
0.00010448358117,2.513343165660467e-05,0.00022884874024400002,-0.010978886383426001,3.186547711464252e-05,0.00012436515907400002,,xy_gf_v05_ZTrav,ZTrav,-0.00038461538461500005
8.66343120651779e-05,2.7213063710022455e-05,0.00019379772832100003,-0.010985064554249,3.3634149272941525e-05,0.00010716341625600001,,xy_gf_v05_ZTrav,ZTrav,-0.000205128205128
9.269112595932696e-05,2.4948515821280053e-05,0.000230341733305,-0.010989348801717001,3.132300191531963e-05,0.00013765060734500001,,xy_gf_v05_ZTrav,ZTrav,-2.5641025641025623e-05
8.659479450446629e-05,2.47427299905341e-05,0.00021936098563800002,-0.010989987522206,3.1472851799944394e-05,0.000132766191133,,xy_gf_v05_ZTrav,ZTrav,0.000153846153846
0.00010494136590300001,2.7492819560238736e-05,0.000323396572354,-0.010975334514550001,3.49723792040508e-05,0.000218455206451,,xy_gf_v05_ZTrav,ZTrav,0.00033333333333300004
0.000100340226281,2.6847993552281774e-05,0.00022545134739700002,-0.010969854174065001,3.38769962746596e-05,0.000125111121116,,xy_gf_v05_ZTrav,ZTrav,0.00051282051282
9.036950352175022e-05,2.4522041785301412e-05,0.00024269620917500003,-0.010978034635097,3.125098205735937e-05,0.000152326705653,,xy_gf_v05_ZTrav,ZTrav,0.000692307692307
8.412972806568984e-05,2.606838545160808e-05,0.000203553796825,-0.010989534911992001,3.30990946584819e-05,0.00011942406875900001,,xy_gf_v05_ZTrav,ZTrav,0.0008717948717940001
8.399114460889458e-05,2.5180749167223923e-05,0.000213100830607,-0.010989244121844,3.173934055307026e-05,0.00012910968599800002,,xy_gf_v05_ZTrav,ZTrav,0.001051282051282
9.226345971122611e-05,2.5623983146256743e-05,0.000213999861398,-0.010984148068365,3.1961045358047424e-05,0.00012173640168700002,,xy_gf_v05_ZTrav,ZTrav,0.001230769230769
0.000104358320719,2.551482784392663e-05,0.00022148850831700003,-0.010975647245016,3.2238833917037385e-05,0.00011713018759800001,,xy_gf_v05_ZTrav,ZTrav,0.001410256410256
0.000102150814426,2.5957906908994912e-05,0.00021778021150400002,-0.010975625938359001,3.269515142843174e-05,0.00011562939707700001,,xy_gf_v05_ZTrav,ZTrav,0.0015897435897430001
8.744425843097704e-05,2.629157330859819e-05,0.00021597501750800002,-0.010991253386707001,3.286629885744816e-05,0.000128530759077,,xy_gf_v05_ZTrav,ZTrav,0.0017692307692300001
8.434778384340537e-05,2.484258364032416e-05,0.00021585710724600002,-0.010994171428704002,3.1157505086440845e-05,0.00013150932340300002,,xy_gf_v05_ZTrav,ZTrav,0.0019487179487170001
9.193081233905588e-05,2.5174663041533773e-05,0.000207281545279,-0.010989881176487,3.1384269819783774e-05,0.00011535073294,,xy_gf_v05_ZTrav,ZTrav,0.002128205128205
0.000121490932545,2.529052254783296e-05,0.00022420193252500003,-0.010979821179759,3.171589140041572e-05,0.000102710999979,,xy_gf_v05_ZTrav,ZTrav,0.002307692307692
0.000116074920066,2.94747887389876e-05,0.00031225570052,-0.010966363353422002,3.7428852854695484e-05,0.00019618078045400002,,xy_gf_v05_ZTrav,ZTrav,0.0024871794871790002
8.298286836232704e-05,2.5081268840236032e-05,0.00023182999057300003,-0.01098114174087,3.163043247071696e-05,0.00014884712221100002,,xy_gf_v05_ZTrav,ZTrav,0.002666666666666
9.44594779996675e-05,2.729871371408966e-05,0.00020590446167600003,-0.010989186249747,3.4223845493044244e-05,0.00011144498367600002,,xy_gf_v05_ZTrav,ZTrav,0.0028461538461530002
8.252117949133533e-05,2.6152138654555664e-05,0.000213055645659,-0.010988529196093002,3.2814062012895945e-05,0.000130534466168,,xy_gf_v05_ZTrav,ZTrav,0.003025641025641
8.995732672097655e-05,2.4099752304160845e-05,0.00019312512909200002,-0.010983304390546001,3.061106840352311e-05,0.00010316780237100001,,xy_gf_v05_ZTrav,ZTrav,0.0032051282051280003
9.684178696976396e-05,2.6389052978317064e-05,0.000316144392037,-0.010974646638879001,3.3589230784155776e-05,0.00021930260506700003,,xy_gf_v05_ZTrav,ZTrav,0.003384615384615
0.000108746343633,2.6607778148264284e-05,0.00024162359817800003,-0.010971742854744001,3.400261576215614e-05,0.00013287725454400002,,xy_gf_v05_ZTrav,ZTrav,0.0035641025641020003
8.072581648080163e-05,2.687787214714029e-05,0.000204111169601,-0.010985137593911001,3.3409704363237134e-05,0.00012338535312,,xy_gf_v05_ZTrav,ZTrav,0.003743589743589
8.488647484753038e-05,2.6566873095360142e-05,0.000258079466687,-0.010990363716378002,3.3757665525255994e-05,0.00017319299184000001,,xy_gf_v05_ZTrav,ZTrav,0.003923076923076
7.847779317198511e-05,2.656138027002231e-05,0.00019287595649,-0.010989553612924,3.260892180982397e-05,0.000114398163318,,xy_gf_v05_ZTrav,ZTrav,0.004102564102564
8.56765058677069e-05,2.4229361162894175e-05,0.00020363818386600003,-0.010983172439717,3.0566411654832e-05,0.000117961677998,,xy_gf_v05_ZTrav,ZTrav,0.004282051282051
0.00011011818559600001,2.800771818554062e-05,0.000295908680372,-0.010968168111357,3.5308077434346026e-05,0.000185790494776,,xy_gf_v05_ZTrav,ZTrav,0.004461538461538001
8.29704848064189e-05,2.590693810669131e-05,0.00023512642409100003,-0.010977511039329,3.2239572450172965e-05,0.00015215593928500002,,xy_gf_v05_ZTrav,ZTrav,0.0046410256410250005
0.00011957572191900001,2.475386906448252e-05,0.00024068963826400001,-0.010987017656251001,3.1537549741190504e-05,0.000121113916345,,xy_gf_v05_ZTrav,ZTrav,0.004820512820512
7.969005790572914e-05,2.577316767513466e-05,0.000225066185896,-0.010990404236619001,3.2479259325320934e-05,0.000145376127991,,xy_gf_v05_ZTrav,ZTrav,0.005
8.195559155343633e-05,2.4519446709984162e-05,0.00024029569714100003,-0.010983158665282001,3.078495247060752e-05,0.000158340105587,,xy_gf_v025_ZTrav,ZTrav,-0.002
7.933821509762545e-05,2.413704084120548e-05,0.00021465677847000002,-0.010977238505634,3.035038642139457e-05,0.000135318563372,,xy_gf_v025_ZTrav,ZTrav,-0.0018205128205120002
9.470188990352325e-05,2.9678506784480333e-05,0.00022761553334700002,-0.010963178211179,3.7331436977728984e-05,0.00013291364344300002,,xy_gf_v025_ZTrav,ZTrav,-0.0016410256410250002
0.00012890174528200002,3.4836619615795355e-05,0.00029105310123500003,-0.010945017688597,4.300322411828324e-05,0.00016215135595200003,,xy_gf_v025_ZTrav,ZTrav,-0.0014615384615380002
8.914819610734115e-05,2.6804051657542555e-05,0.00020934867430200002,-0.010977862343369001,3.3716825745291074e-05,0.000120200478194,,xy_gf_v025_ZTrav,ZTrav,-0.0012820512820510002
7.412961760166342e-05,2.4436020649890494e-05,0.00016852178066500002,-0.010979856498939001,3.0137631671693555e-05,9.439216306404534e-05,,xy_gf_v025_ZTrav,ZTrav,-0.0011025641025640001
7.634501777203928e-05,2.514808244034073e-05,0.00021828374715000001,-0.010980262096941001,3.141838978659053e-05,0.000141938729378,,xy_gf_v025_ZTrav,ZTrav,-0.0009230769230760001
8.146413613921086e-05,2.4916209680677423e-05,0.00018644047737400001,-0.010976232648932,3.15092487507839e-05,0.000104976341235,,xy_gf_v025_ZTrav,ZTrav,-0.0007435897435890001
0.00011564823326800001,3.10048996170979e-05,0.000287534093623,-0.010949331992817,3.846557065322251e-05,0.000171885860355,,xy_gf_v025_ZTrav,ZTrav,-0.0005641025641020001
0.00012490928487600002,2.835765217898442e-05,0.000258486622752,-0.010964915169723002,3.569805140175783e-05,0.000133577337876,,xy_gf_v025_ZTrav,ZTrav,-0.00038461538461500005
8.591362115369441e-05,2.5654295901416033e-05,0.000184461790305,-0.010981163423228002,3.1861360585242524e-05,9.854816915187173e-05,,xy_gf_v025_ZTrav,ZTrav,-0.000205128205128
8.177842625897541e-05,2.64918169216193e-05,0.00018667087795200003,-0.010979797747862001,3.2642609934016376e-05,0.000104892451693,,xy_gf_v025_ZTrav,ZTrav,-2.5641025641025623e-05
7.570519394164804e-05,2.764815254222715e-05,0.000194410891425,-0.010980142502282,3.4491710771295945e-05,0.00011870569748300001,,xy_gf_v025_ZTrav,ZTrav,0.000153846153846
9.633062198128976e-05,2.484177365796477e-05,0.000191245165959,-0.010967482607854,3.1336040705655114e-05,9.491454397802733e-05,,xy_gf_v025_ZTrav,ZTrav,0.00033333333333300004
0.00013573660620800002,3.428393887512336e-05,0.00025825787116,-0.010942600440056,4.201685566919401e-05,0.000122521264951,,xy_gf_v025_ZTrav,ZTrav,0.00051282051282
0.00011568826554,2.7011435346473412e-05,0.0002463918113,-0.010974479163838001,3.370655467640562e-05,0.000130703545759,,xy_gf_v025_ZTrav,ZTrav,0.000692307692307
8.185062303894299e-05,2.478896531878494e-05,0.00019047529058600001,-0.010980658411533001,3.1065163663840714e-05,0.00010862466754700001,,xy_gf_v025_ZTrav,ZTrav,0.0008717948717940001
7.518636271456465e-05,2.6017798166541292e-05,0.000209109869275,-0.010980681848397001,3.2637955547743734e-05,0.00013392350656,,xy_gf_v025_ZTrav,ZTrav,0.001051282051282
9.298284401959221e-05,2.599686418966794e-05,0.000256429373536,-0.010977875636115,3.3110933017354464e-05,0.000163446529516,,xy_gf_v025_ZTrav,ZTrav,0.001230769230769
0.000109961978119,3.172595561077937e-05,0.000219587902326,-0.010947935843217,3.9813007495880225e-05,0.00010962592420700001,,xy_gf_v025_ZTrav,ZTrav,0.001410256410256
0.000100928016653,3.2596268974613034e-05,0.00022777560914000002,-0.010956071568228,3.9915623951027584e-05,0.000126847592487,,xy_gf_v025_ZTrav,ZTrav,0.0015897435897430001
0.000109634666536,2.7419136916742185e-05,0.00024808752677800004,-0.010978244668394001,3.4367823752615685e-05,0.00013845286024100002,,xy_gf_v025_ZTrav,ZTrav,0.0017692307692300001
7.729296971318612e-05,2.4876192760779212e-05,0.00021893250041700002,-0.010979025834221001,3.0822858262997026e-05,0.00014163953070400002,,xy_gf_v025_ZTrav,ZTrav,0.0019487179487170001
7.58393635858605e-05,2.4928650491616853e-05,0.00018499347593000002,-0.010977701051724001,3.12229176981847e-05,0.00010915411234400001,,xy_gf_v025_ZTrav,ZTrav,0.002128205128205
0.000144204908311,2.9345904588936432e-05,0.00028068525378400003,-0.010969637435369,3.7380020101320976e-05,0.000136480345473,,xy_gf_v025_ZTrav,ZTrav,0.002307692307692
0.0001134150795,3.309100849778903e-05,0.000329248664643,-0.010941083800181,4.0886274204554795e-05,0.00021583358514300002,,xy_gf_v025_ZTrav,ZTrav,0.0024871794871790002
0.00011421988374100002,2.777979751083266e-05,0.00025928371072200004,-0.010967584669515001,3.553043077826203e-05,0.00014506382698,,xy_gf_v025_ZTrav,ZTrav,0.002666666666666
7.169460447884261e-05,2.5951320218808534e-05,0.00021296341581000003,-0.010979827296423,3.2256949130587314e-05,0.000141268811331,,xy_gf_v025_ZTrav,ZTrav,0.0028461538461530002
7.802630970092997e-05,2.749534289878363e-05,0.00021945298859100002,-0.010978905233602001,3.374681248610144e-05,0.00014142667889000001,,xy_gf_v025_ZTrav,ZTrav,0.003025641025641
0.00010658541715,2.5327047693096203e-05,0.00021304768476500003,-0.010979059704823001,3.1258377548156554e-05,0.00010646226761500001,,xy_gf_v025_ZTrav,ZTrav,0.0032051282051280003
9.550787676586119e-05,2.9021748649030514e-05,0.00028268061677500005,-0.010957707530592001,3.6853379447020416e-05,0.000187172740009,,xy_gf_v025_ZTrav,ZTrav,0.003384615384615
0.000109584533152,3.110984457811123e-05,0.000252058746897,-0.010949462477792,3.936509061906463e-05,0.00014247421374500002,,xy_gf_v025_ZTrav,ZTrav,0.0035641025641020003
7.790415416621815e-05,2.6932412689364103e-05,0.00023736784536,-0.010980835082535001,3.3759300576422814e-05,0.000159463691194,,xy_gf_v025_ZTrav,ZTrav,0.003743589743589
7.601951491907968e-05,2.6327106489992003e-05,0.000265775604692,-0.010985566329738001,3.289363679110614e-05,0.000189756089773,,xy_gf_v025_ZTrav,ZTrav,0.003923076923076
7.654985957089405e-05,2.454384036869355e-05,0.000238833087818,-0.010981166974777001,3.1383863822203005e-05,0.000162283228247,,xy_gf_v025_ZTrav,ZTrav,0.004102564102564
9.115800971558342e-05,2.4637675182885775e-05,0.00020498939765800002,-0.010975741418463001,3.112554850637023e-05,0.000113831387943,,xy_gf_v025_ZTrav,ZTrav,0.004282051282051
0.00011590685462700001,3.0362525817098882e-05,0.00022634528268100003,-0.010942651947651,3.8037518154735124e-05,0.000110438428054,,xy_gf_v025_ZTrav,ZTrav,0.004461538461538001
0.00012426990733800002,2.8063134114521523e-05,0.00031034094831,-0.010965749859417001,3.6183128083442035e-05,0.00018607104097200002,,xy_gf_v025_ZTrav,ZTrav,0.0046410256410250005
7.421049361592756e-05,2.4212094217287412e-05,0.00022193334897,-0.010979494486304002,3.057943931367991e-05,0.000147722855354,,xy_gf_v025_ZTrav,ZTrav,0.004820512820512
8.016001792139281e-05,2.566333301344755e-05,0.000215486711082,-0.01098021379945,3.2826715982547895e-05,0.00013532669316100002,,xy_gf_v025_ZTrav,ZTrav,0.005
0.00010410591103400001,2.8873272596852015e-05,0.000230237717416,-0.011010590747767,3.599285960930054e-05,0.000126131806381,,xy_gf_solidrake_ZTrav,ZTrav,-0.002
0.00010550121444400001,2.8865943146070634e-05,0.00023860525794200003,-0.011009910886531001,3.634382505546914e-05,0.000133104043498,,xy_gf_solidrake_ZTrav,ZTrav,-0.0018205128205120002
0.00010057489422600001,2.7275832629238213e-05,0.00022860058023900002,-0.011008754749461001,3.450013137583004e-05,0.00012802568601300002,,xy_gf_solidrake_ZTrav,ZTrav,-0.0016410256410250002
9.051722839300941e-05,2.6107552440080914e-05,0.00022324437874800002,-0.011010836137501001,3.265547450725455e-05,0.000132727150355,,xy_gf_solidrake_ZTrav,ZTrav,-0.0014615384615380002
0.00010254114584400001,2.6344899874259852e-05,0.00027209093028600004,-0.011009218749140001,3.30517815317794e-05,0.00016954978444100002,,xy_gf_solidrake_ZTrav,ZTrav,-0.0012820512820510002
0.00011496365688000001,2.6816630438790462e-05,0.00021777421503200002,-0.011010435512253001,3.392279970263442e-05,0.00010281055815100001,,xy_gf_solidrake_ZTrav,ZTrav,-0.0011025641025640001
0.00011126020476300001,2.7048670574854273e-05,0.00027249068862900003,-0.011004710953211,3.458987129157999e-05,0.000161230483866,,xy_gf_solidrake_ZTrav,ZTrav,-0.0009230769230760001
0.000102794649428,2.6492558795938334e-05,0.000223812447505,-0.011010858555365,3.3423748016768706e-05,0.000121017798076,,xy_gf_solidrake_ZTrav,ZTrav,-0.0007435897435890001
0.00011695334807900001,2.864083629524715e-05,0.000283572593043,-0.011013558734894001,3.644050976249475e-05,0.00016661924496400002,,xy_gf_solidrake_ZTrav,ZTrav,-0.0005641025641020001
9.778526216187162e-05,2.5501328654187133e-05,0.000229736911197,-0.011011852432079,3.2657301157174735e-05,0.000131951649035,,xy_gf_solidrake_ZTrav,ZTrav,-0.00038461538461500005
0.00011180167527300002,2.697807912779762e-05,0.000245440165882,-0.011010883975268,3.424712028517019e-05,0.00013363849060800002,,xy_gf_solidrake_ZTrav,ZTrav,-0.000205128205128
0.00010248314873600001,2.5864081904163493e-05,0.000232598267389,-0.011009551060631001,3.236989278769398e-05,0.00013011511865200002,,xy_gf_solidrake_ZTrav,ZTrav,-2.5641025641025623e-05
0.00010131172184400001,2.6816109203137193e-05,0.00022990659110400002,-0.011012435882543001,3.4225827510800726e-05,0.000128594869259,,xy_gf_solidrake_ZTrav,ZTrav,0.000153846153846
0.00011400635776,2.6053623119104342e-05,0.00028781063123600005,-0.011006647308685,3.420558384018884e-05,0.000173804273475,,xy_gf_solidrake_ZTrav,ZTrav,0.00033333333333300004
9.658913501021071e-05,2.6403116237722573e-05,0.000235162440018,-0.011010065285973002,3.277492962451561e-05,0.00013857330500800002,,xy_gf_solidrake_ZTrav,ZTrav,0.00051282051282
9.623662443208546e-05,2.8267221796909115e-05,0.00025146063778300003,-0.011011983950053001,3.540628247953872e-05,0.00015522401335100002,,xy_gf_solidrake_ZTrav,ZTrav,0.000692307692307
0.000108286013262,2.8409002442732264e-05,0.000263672879202,-0.011010859501510002,3.5486407573862205e-05,0.000155386865939,,xy_gf_solidrake_ZTrav,ZTrav,0.0008717948717940001
0.00010251984705800001,2.7583550543202342e-05,0.000206615050029,-0.011011659320778001,3.444974133975248e-05,0.000104095202971,,xy_gf_solidrake_ZTrav,ZTrav,0.001051282051282
8.987109273144932e-05,2.4159400831863825e-05,0.00019307763814700003,-0.011011628743711002,3.005450563504753e-05,0.000103206545416,,xy_gf_solidrake_ZTrav,ZTrav,0.001230769230769
0.000107518958344,2.6394079334742702e-05,0.00029279298050000004,-0.011008757449299,3.3592153081570714e-05,0.000185274022155,,xy_gf_solidrake_ZTrav,ZTrav,0.001410256410256
0.000102626373756,2.6701000269282532e-05,0.00022959802740400001,-0.011007404046899,3.3359508330607456e-05,0.000126971653647,,xy_gf_solidrake_ZTrav,ZTrav,0.0015897435897430001
0.00010747375271200001,2.6100598425109292e-05,0.00023384672291000002,-0.011008177015650001,3.295561146692335e-05,0.000126372970197,,xy_gf_solidrake_ZTrav,ZTrav,0.0017692307692300001
0.00010317015215200001,2.7155094857690913e-05,0.000252288392708,-0.011010769092858001,3.398012589065628e-05,0.000149118240556,,xy_gf_solidrake_ZTrav,ZTrav,0.0019487179487170001
0.00011874831782600001,2.7569391873036692e-05,0.00024591936723800003,-0.011007659925282002,3.4590861656782884e-05,0.000127171049412,,xy_gf_solidrake_ZTrav,ZTrav,0.002128205128205
8.626128377678748e-05,2.4691119514922313e-05,0.000245577486869,-0.011010706810348,3.1135977780165874e-05,0.000159316203092,,xy_gf_solidrake_ZTrav,ZTrav,0.002307692307692
9.897823022186893e-05,2.647170851249082e-05,0.00021173495556900003,-0.011010138350647,3.2901972564928524e-05,0.00011275672534700001,,xy_gf_solidrake_ZTrav,ZTrav,0.0024871794871790002
0.000122093059972,2.5497987298084382e-05,0.00027186653650500004,-0.011011057745347,3.250381083692457e-05,0.00014977347653200002,,xy_gf_solidrake_ZTrav,ZTrav,0.002666666666666
9.088054012543895e-05,2.62092043753981e-05,0.00023564943019400002,-0.011006035317619001,3.338231640188937e-05,0.00014476889006800002,,xy_gf_solidrake_ZTrav,ZTrav,0.0028461538461530002
0.00010625241531500001,2.5522325130451774e-05,0.000202372017706,-0.011007356575749002,3.208839096626532e-05,9.611960239073666e-05,,xy_gf_solidrake_ZTrav,ZTrav,0.003025641025641
0.000125251771346,2.7342563193210123e-05,0.00022882999140800002,-0.011006453563961,3.4305089332515524e-05,0.00010357822006200001,,xy_gf_solidrake_ZTrav,ZTrav,0.0032051282051280003
9.285219561864547e-05,2.6684489479577503e-05,0.000288037045459,-0.011009584847034001,3.4082921365513564e-05,0.00019518484984000001,,xy_gf_solidrake_ZTrav,ZTrav,0.003384615384615
0.00013148319703100002,2.705169094046131e-05,0.00028599957463400005,-0.011014564591119,3.4440449057453375e-05,0.000154516377602,,xy_gf_solidrake_ZTrav,ZTrav,0.0035641025641020003
9.368071279982662e-05,2.6640485995213713e-05,0.00024619360964500003,-0.011015842668131002,3.370848393809558e-05,0.000152512896845,,xy_gf_solidrake_ZTrav,ZTrav,0.003743589743589
0.00011688507697700001,2.8055867889016034e-05,0.000278405098677,-0.011014622101783,3.5685931157280874e-05,0.000161520021699,,xy_gf_solidrake_ZTrav,ZTrav,0.003923076923076
8.098578100978505e-05,2.568674311367854e-05,0.00021010104109400003,-0.011010814482551002,3.2692680175685074e-05,0.000129115260084,,xy_gf_solidrake_ZTrav,ZTrav,0.004102564102564
0.00012475770968800002,2.5070904040549112e-05,0.000260916179557,-0.011005881570486,3.242597368692796e-05,0.000136158469869,,xy_gf_solidrake_ZTrav,ZTrav,0.004282051282051
9.832414132229622e-05,2.7718707602212472e-05,0.000205148894094,-0.011008620037434,3.4459900188917694e-05,0.00010682475277200001,,xy_gf_solidrake_ZTrav,ZTrav,0.004461538461538001
0.00011558275630000001,2.7274191382078533e-05,0.000252555444918,-0.011010940450337,3.459584796706841e-05,0.000136972688618,,xy_gf_solidrake_ZTrav,ZTrav,0.0046410256410250005
9.658362586492317e-05,2.7981739986622934e-05,0.00021115884147100003,-0.011010817184192001,3.480106239924371e-05,0.000114575215606,,xy_gf_solidrake_ZTrav,ZTrav,0.004820512820512
0.00011207968621700001,2.864034540880263e-05,0.000248136691704,-0.011010741169307002,3.634490934665818e-05,0.00013605700548700002,,xy_gf_solidrake_ZTrav,ZTrav,0.005
